id,capitulo,seccion,afirmacion,tipo,valor_ciep,fuente_oficial,valor_oficial,coincide,discrepancia,nota
V001,Implicaciones,Ingresos 2020 (p.II),Ingresos como % PIB menores en 2020 que en 2019,a,21.0 < 21.4,CGPE p.100/185-186,2020 21.0; 2019 estim 21.4; 2019 aprob 21.2,si,,Contrafactual implícito: vs cierre estimado 2019.
V002,Implicaciones,Ingresos 2020 (p.II),Ausencia de ingresos no recurrentes de casi 0.8% del PIB,b,~0.8% PIB,"CGPE p.60, p.85 n.10, p.177",FEIP 129.6 mmp = 0.52% PIB 2019; no tributarios GF 1.3% (2019 est) -> 0.6% (2020): -0.7 pp,aprox,0.7 vs 0.8,"Rehecho: 129.6/24,851.8=0.52%; caída no tributarios 0.7 pp. Ninguna da 0.8."
V003,Implicaciones,Gasto 2020 (p.III),Parte contributiva = casi 97% del total de pensiones,b,~97%,EM p.171 + analítico R20,965.2/(965.2+126.65+11.91)=87.4%,no,97 vs 87.4,Contradice al propio cap.7.2 (87.5%). Probable errata (87 -> 97).
V004,Implicaciones,Gasto 2020 (p.III),Incremento real de aprox. 7% en pensiones contributivas,a,~7%,EM p.171,+6.2% real vs aprobado 2019,no,7 vs 6.2,"El 7% es el supuesto de mediano plazo (CGPE p.124), no la variación 2020."
V005,Implicaciones,Gasto 2020 (p.III),Gasto federal en pensiones 2020 = 4.2% del PIB,b,4.2%,"EM p.171; analítico R20; 26,254.1 mmp (CGPE p.69)","(965,202.8+126,650.3+11,905.9)/26,254,100=4.20%",si,,Rehecho paso a paso. Agregado no oficial (contributivo + no contributivo).
V006,Implicaciones,Gasto 2020 (p.III),Absorbe toda la recaudación del IVA y hay un faltante de 100 mil mdp,b,"faltante ~100,000 mdp","ILIF art.1o. (IVA 1,007,546.0)","1,103,759.0-1,007,546.0=96,213 mdp",aprox,96.2 vs 100,"Redondeo generoso. Comparación nominal, mismo año."
V007,Implicaciones,Gasto 2020 (p.III),SHCP reconoce tasas de crecimiento muy altas en pensiones en lo que resta del sexenio,a,(cualitativo),CGPE p.124; EM p.141,+7.0% real anual 2021-2025; 3.8->4.5% PIB,si,,
V008,Implicaciones,Gasto 2020 (p.III),Cuatro programas prioritarios suman incrementos por casi 30 mil mdp,b,"~30,000",CIEP cuadro 3.1 (2019 no en carpeta),"9,591+3,301+12,573+3,100=28,565 (aritmética interna)",no_verificable,,"2020: SV 25,130.9, JEF 7,776.4, Beca MS 28,995.2 (no 30,475), Discap 11,905.9 verificados en analítico; base 2019 no en carpeta."
V009,Implicaciones,Gasto 2020 (p.III),Sector salud aumenta 2% real,b,2%,"analíticos 2020 (656,761 reproducido); 2019 no en carpeta",2.1% según CIEP; base 2019 no verificable,no_verificable,,"Perímetro CIEP 2020 reproducido exactamente (656,761.2)."
V010,Implicaciones,Gasto 2020 (p.IV),Participaciones disminuyen respecto al PIB; primera vez en la última década,b,3.7->3.6,CGPE p.177 (serie 2013-2019); EM p.188,"2013-2019: 3.3,3.3,3.4,3.4,3.5,3.6,3.7(aprob)/3.6(est); 2020 3.6",aprox,,Cae vs aprobado 2019 (3.7); es plana vs estimado 2019 (3.6). Serie 2010-2012 no en carpeta.
V011,Implicaciones,Espacio fiscal (p.IV),Superávit primario se reduce de 1% (2019) a 0.7% (2020),a,1.0 -> 0.7,"CGPE p.70, p.100",1.0 (aprob y estim 2019) -> 0.7,si,,
V012,Implicaciones,Espacio fiscal (p.IV),Sector público 23.2% del PIB en 2020; tendencia de reducción desde 2017,a/b,23.2%,"EM p.151 (devengado 23.2); CGPE p.177 (pagado: 26.6 en 2016, 23.7 en 2017, 23.3 2019)",23.2 devengado; 23.1 pagado,si,,La caída ocurre 2016->2017 (-2.9 pp); después estable 23.3-23.8.
V013,Resumen,Ingresos (p.VI),Ingresos presupuestarios ILIF 2020 = 21.0% PIB; -0.4 pp vs cierre 2019,a,21.0; -0.4,CGPE p.186,21.0; 2019 estim 21.4,si,,
V014,Resumen,Ingresos (p.VI),Tributarios 13.3% PIB; petroleros 3.8%,a,13.3; 3.8,CGPE p.185,13.3; 3.8,si,,
V015,Resumen,Ingresos (p.VI),Disminución en la recaudación del IVA respecto a 2019,a,(cualitativo),CGPE p.87 y p.177,IVA 2020 vs LIF 2019: -2.2% real (4.0->3.8% PIB); vs cierre 2019: +3.6% real (3.8->3.8),no,contrafactual,"Cierto solo contra aprobado 2019; falso contra cierre estimado 2019, que es el contrafactual que CIEP declara en p.4 y p.11."
V016,Resumen,Ingresos energía (p.VI),"CFE ingresos 1.6% PIB, -0.1 pp vs cierre 2019",b,1.6; -0.1,"ILIF art.1o. 418,398.1; CGPE p.177 CFE 1.7 (2019 est)","418,398.1/26,254,100=1.59; 2019 est 1.7 -> -0.1",si,,
V017,Resumen,Gasto (p.VII),Gasto PPEF 2020 = 6 billones 096 mil 336 pesos; 23.2% PIB; +0.8% real vs 2019,a,"6,096,336; 23.2; 0.8",DEC art.2; EM p.146-147,"6,096,335.8 mdp; 23.2% (devengado); +0.8% vs aprob 2019",si,,Unidad: 'pesos' debería ser 'millones de pesos'.
V018,Resumen,Gasto (p.VII),"Gasto programable se mantiene en 16.7% del PIB, misma proporción que 2019",a,16.7 = 16.7,CGPE p.185-186,2020 16.7; 2019 aprob 16.7; 2019 estim 16.9,si,,Contra aprobado. Contra cierre estimado sería -0.2 pp.
V019,Resumen,Salud (p.VII),656 mil 761 mdp; +2.1% vs PEF 2019; 2.5% PIB,a/b,"656,761; 2.1; 2.5","analíticos 2020 (IMSS 319,344.8; SSA 128,589.3; FASSA 103,371.5; ISSSTE 63,186.5; R19 20,467.6; Pemex 12,438.6; Sedena 6,678.6; Semar 2,684.3)","Suma 656,761.2; 2.50% PIB; base 2019 no en carpeta",aprox,,Perímetro reproducido exactamente. Variación 2.1% no verificable (PEF 2019 no en carpeta).
V020,Resumen,Salud (p.VII),Incremento para población sin seguridad social laboral = 0.43%,b,0.43%,CIEP cuadro 4.1 (SSA -151; FASSA +330; IMSS-Bienestar +864),"(−151+330+864)/(128,741+103,042+12,322)=1,043/244,105=0.43%",no_verificable,,Aritmética interna cierra; base 2019 no en carpeta.
V021,Resumen,Salud (p.VII),Se requeriría al menos un incremento de 66% (primer escenario),b,66%,"CIEP cuadro 4.5 (162,063 mdp)","162,063/244,105=66.4% (aritmética interna)",no_verificable,,"Modelo de costos CIEP (CAUSES, GRD IMSS) no reproducible con la carpeta."
V022,Resumen,Educación (p.VIII),807 mil 305 mdp; +0.5% real; primer incremento en cinco años,a/b,"807,305; 0.5","analítico función (función educación 784,615.3 + Ramo 11 en otras funciones 22,689.5)","807,304.8",si,,"Perímetro reproducido. +0.5% y 'primero en cinco años' no verificables (EM p.133: función educación 2015-2019 -10% acumulado, +1.9% en 2019)."
V023,Resumen,Educación (p.VIII),Recortes en 7 de 12 subfunciones; Desarrollo tecnológico -55%; Cultura -10.8%; Básica -1.4%,b,,"analítico función 2020 (SF1 básica 496,349.1)",2020 sí; 2019 no en carpeta,no_verificable,,
V024,Resumen,Gasto federalizado (p.VIII),32.3% del gasto neto; -0.5% vs PEF 2019; 7.5% PIB (2019: 7.7%),b,32.3; -0.5; 7.5; 7.7,EM p.188; CGPE p.69,"1,972,054.5/6,096,335.8=32.35%; -0.5% real; 7.51% PIB; 2019: 1,982,224.2/1.036/24,851,800=7.70%",si,,
V025,Resumen,Gasto federalizado (p.VIII),Ramo 28 -0.9%; ramo 33 -0.38%,a,-0.9; -0.38,EM p.188,-0.9%; -0.3%,si,,
V026,Resumen,Inversión (p.VIII),759 mil 868 mdp; +2.5% real; 2.9% PIB; 12.4% del gasto total,a/b,"759,868; 2.5; 2.9; 12.4",EM p.169; DEC,"759,868.2; +2.5%; 2.89%; 759,868.2/6,096,335.8=12.46%",si,,
V027,Resumen,Inversión (p.VIII),Punto más alto en 2016 con 5.9% del PIB,a,5.9 (2016),CGPE p.177 gasto de capital,2016: 5.9,si,,
V028,Resumen,Inversión (p.VIII),"Inversión pública -5% real, 383,882 -> 364,582 mdp",b,"364,582","analíticos cap.6000: GF 46,316.2+IMSS 2,247.0+ISSSTE 1,815.7+CFE 26,176.4+Pemex 288,027.5","364,582.8 (2020); 2019 no en carpeta",aprox,,"2020 reproducido exactamente; -5% no verificable. La inversión física oficial (EM p.169) es 634,441.7 (-5.4%), perímetro distinto."
V029,Resumen,Inversión (p.VIII),"Pemex, CFE y SCT concentran 94.6% de la inversión pública",b,94.6%,analíticos cap.6000,"(288,027.5+26,176.4+30,202.6)/364,582.8=94.5%",si,,
V030,Resumen,Energía (p.IX),Gasto en energía +5.8% real vs PEF 2019,b,5.8%,"analíticos función C&E 2020: GF 136,668.7+CFE 444,586.2+Pemex 636,364.8=1,217,619.7",2019 por este perímetro no en carpeta. EM p.190 (consolidado neto): +7.5%,no_verificable,,Perímetro CIEP es bruto; EM consolidado da +7.5%.
V031,Resumen,Energía (p.IX),SENER +68.9% vs aprobado 2019,a,68.9%,EM p.160 Ramo 18,+72.0% real,no,68.9 vs 72.0,"CIEP puede usar función C&E de SENER (47,637.0) en vez del ramo (48,507.3); base 2019 no en carpeta."
V032,Resumen,Energía (p.IX),"Ramo 23 energía +19.8%, por subsidios a tarifas eléctricas",b,19.8%,"analítico: R23 función C&E 88,573.7; subsidio tarifas 70,000.0",2020 sí; 2019 no en carpeta,no_verificable,,
V033,Resumen,Energía (p.IX),CRE -4.6% y CNH -4.5%,a,-4.6; -4.5,EM p.160,CRE -1.7%; CNH -1.3%,no,,CIEP probablemente usa solo la función C&E (CRE 245.4; CNH 212.6 de 252.9 y 219.8 totales).
V034,Resumen,Pensiones (p.IX),"965,202 mdp contributivas y 138,556 no contributivas",a/b,"965,202; 138,556","EM p.171; analítico R20 (126,650.3+11,905.9)","965,202.8; 138,556.2",si,,
V035,Resumen,Pensiones (p.IX),Total supera el billón por 103 mil mdp; 4.2% PIB; 0.4 pp más que IVA,b,"1,103,758; 4.2; 0.4","suma; 26,254.1 mmp (CGPE p.69); ILIF IVA 1,007,546.0 (3.84%)","1,103,759.0; 4.20%; 4.20-3.84=0.36 pp",si,,
V036,Resumen,Seguridad (p.X),284 mil 136 mdp; +7.9% real; 1.02% -> 1.08% PIB,a/b,"284,136; 7.9; 1.02->1.08","analítico función GF (suma de 15 subfunciones = 284,136.9)","284,136.9; 1.08% PIB; 2019 no en carpeta",aprox,,"Perímetro 2020 reproducido (subfunción 'Función pública' 4,415.3 no cierra exactamente: 2,969.1+1,332.0+108.9=4,410.0)."
V037,Resumen,Seguridad (p.X),"SSPC 59,150 mdp; 0.9% del gasto total; 0.2% PIB; SEGOB -90%",a/b,"59,150; 0.9; 0.2; -90",EM p.160; DEC Anexo 1,"59,150.7; 0.97%; 0.23%; Gobernación -20.8% (base resectorizada EM) / -90.8% con base CIEP 62,971",aprox,SEGOB: -20.8 oficial vs -90 CIEP,"La EM presenta 2019 ya resectorizado (7,329.6); CIEP usa el PEF 2019 original. Contrafactual no declarado."
V038,Resumen,Deuda (p.X),SHRFSP 45.6% PIB en 2020; aumenta en 2019 y 2020,a,45.6,CGPE p.100/120,45.6; 2018 44.9; 2019 45.3,si,,
V039,Resumen,Deuda (p.X),Balance primario 1% -> 0.7%; costo de la deuda 2.9% PIB; RFSP 2.6%,a,0.7; 2.9; 2.6,"CGPE p.71, p.73, p.185",0.7; costo financiero 2020 2.8% (2019 estim 2.9); RFSP 2.6,no,costo 2.9 vs 2.8,"2.9 es el cierre estimado 2019, no 2020."
V040,1 Ingresos,1.1 (p.3),"Ingresos totales ILIF 23.2% PIB, 2.2% deuda, 21.0% recaudación; cierre 2019 21.4%",b,23.2; 2.2; 21.0; 21.4,"ILIF art.1o.; 26,254.1 mmp (CGPE p.69); CGPE p.186","6,096,335.8/26,254,100=23.2; 584,456.8/=2.23; 21.0; 21.4",si,,
V041,1 Ingresos,1.2 (p.3),Máximo de recaudación en 2016: 24.1% PIB,a,24.1,CGPE p.177,24.1,si,,
V042,1 Ingresos,1.2 (p.3),ISR 30.3% del total; IVA 16.5%; petroleros 16.2%,b,30.3; 16.5; 16.2,ILIF art.1o.,"1,846,455.7/6,096,335.8=30.29; 1,007,546/=16.53; 987,332.7/=16.19",si,,Denominador incluye deuda.
V043,1 Ingresos,Cuadro 1.1 (p.4),"ISR 1,846,445.7",a,"1,846,445.7",ILIF art.1o.,"1,846,455.7",no,10 mdp,Errata de transcripción.
V044,1 Ingresos,Cuadro 1.1 (p.4),"IVA 1,007,546.0; IEPS petrolero 342,053.6; Pemex 574,535.0; FMP 412,797.7; CFE 418,398.1; Deuda 584,456.8; Total 6,096,335.8",a,,ILIF art.1o.,idénticos,si,,
V045,1 Ingresos,Cuadro 1.1 (p.4),"IEPS no petrolero 173,679.9; IMSS 400,923.4; Otros 335,499.6",b,,ILIF art.1o.,"515,733.5-342,053.6=173,679.9; 374,003.2+26,920.2=400,923.4; residuo 335,485.6 con ISR correcto (335,499.6 con el ISR erróneo)",si,,Rehecho.
V046,1 Ingresos,1.2.1 (p.4),Tributarios 13.3% PIB; +0.2 pp vs estimación SHCP 2019,a,13.3; +0.2,CGPE p.186,13.3; 2019 estim 13.1,si,,
V047,1 Ingresos,1.2.1 (p.4),-0.1 pp respecto a la estimación del CIEP para 2019,c,,,,,,Estimación propia de CIEP; no verificable.
V048,1 Ingresos,1.2.1 (p.4),ISR 7.0% PIB; IVA 3.8%; IEPS gasolinas 1.3%; resto 1.2%,b,7.0; 3.8; 1.3; 1.2,"ILIF art.1o.; 26,254.1 mmp (CGPE p.69)",7.03; 3.84; 1.30; 13.3-7.0-3.8-1.3=1.2,si,,
V049,1 Ingresos,1.2.1 (p.4),CGPE estima IVA 2019 cierre 3.9% PIB y 2020 3.8%,a,3.9 -> 3.8,CGPE p.177 (IVA: 2019 aprob 4.0; estim 3.8); p.87 (IVA +3.6% real vs cierre),cierre 2019 = 3.8; aprobado 2019 = 4.0; 2020 = 3.8,no,3.9 no aparece,3.9 es 2018 observado (p.177). Contra cierre 2019 el IVA no cae en % PIB.
V050,1 Ingresos,1.2.2 (p.5),Pemex propios 2.2% PIB; +0.1 pp vs cierre 2019,a,2.2; +0.1,CGPE p.177 (Pemex 2019 estim 1.9); ILIF,2.19; 2019 est 1.9 -> +0.3 pp,no,0.1 vs 0.3,
V051,1 Ingresos,1.2.2 (p.5),FMP 1.6% PIB; -0.2 pp vs lo esperado en 2018,a,1.6; -0.2 vs 2018,CGPE p.177 (GF petroleros 2018 2.3; 2019 est 1.8),1.57; vs 2018 -0.7 pp; vs 2019 est -0.2 pp,no,año de referencia,"-0.2 corresponde a vs cierre 2019, no 2018."
V052,1 Ingresos,1.2.2 (p.5),DUC pasa de 66.3% a 58.0%,a,66.3 -> 58.0,(decreto DUC no en carpeta; ILIF p.XXX menciona alivio a Pemex sin tasa),,no_verificable,,Haría falta el decreto de estímulo fiscal a Pemex (DOF).
V053,1 Ingresos,1.2.2 (p.5),IMSS + CFE = 3.1% PIB; cada uno -0.2 pp vs cierre 2019,b,3.1; -0.2 c/u,ILIF art.1o.; CGPE p.177 (ECD 1.7; CFE 1.7 en 2019 est),"(400,923.4+418,398.1)/26,254,100=3.12; IMSS solo 1.53 (ECD con ISSSTE 1.70 = 0.0 pp); CFE 1.59 (-0.1)",no,,Sumar IMSS sin ISSSTE contra la línea ECD del CGPE no es comparable.
V054,1 Ingresos,1.3 (p.6-11),"Medidas: establecimiento permanente, BEPS, deducción de intereses 30%, subcontratación, sector primario -30% ISR, ventas por catálogo, arrendamiento, economía digital (retención 50% IVA; umbral 300 mil), IEPS tabaco $0.4980, IEPS bebidas $1.2705, condonaciones, facturas apócrifas",a,,CGPE p.81-85 (7 medidas confirmadas). Miscelánea (LISR/LIVA/LIEPS/CFF) NO en carpeta,BEPS/intereses 30%/IEPS tabaco y bebidas/umbral 300 mil no están en CGPE ni ILIF,no_verificable,,Requiere la iniciativa de miscelánea fiscal 2020.
V055,1 Ingresos,1.3 (p.10),"IEPS tabaco actualizado: +~3 mil mdp, +8% precio, -4.7% consumo",b,"3,000; 8; -4.7",(modelo CIEP),,no_verificable,,Sin memoria de cálculo en el documento.
V056,1 Ingresos,1.4 (p.11),"Ingresos sin deuda 21.0% PIB: 13.3 tributarios, 3.8 petroleros, 3.9 no tributarios no petroleros",b,21.0; 13.3; 3.8; 3.9,CGPE p.185,21.0-13.3-3.8=3.9 (no tributarios GF 0.6 + organismos y empresas 3.3),si,,
V057,1 Ingresos,1.4 (p.11),Aumento de 0.2% del PIB respecto a lo que la SHCP estima que cierre 2019,a,+0.2 pp,CGPE p.186,21.4 -> 21.0 = -0.4 pp,no,signo y magnitud,Contradice p.VI y p.3 (-0.4). El +0.2 corresponde a tributarios.
V058,1 Ingresos,1.4 (p.11),"IVA cierra 2020 en 3.8% PIB, menor que el esperado para cierre 2019",a,3.8 < cierre 2019,CGPE p.177/p.87,cierre 2019 3.8; 2020 3.8 (+3.6% real),no,,Ver fila 1.2.1.
V059,1 Ingresos,1.4 (p.11),Necesidad de reforma fiscal integral; impuestos ambientales; capacidad recaudatoria local,c,,,,,,Juicio.
V060,2 Ingresos energía,Cuadro 2.1 (p.13),"Pemex 574,535.0; CFE 418,398.1; FMP 412,797.7; EPE 992,933.1; petroleros 987,332.7; sector energético 1,405,730.8",a/b,,ILIF art.1o.,"idénticos; 574,535.0+418,398.1=992,933.1; 987,332.7+418,398.1=1,405,730.8",si,,
V061,2 Ingresos energía,Cuadro 2.1 (p.13),Pemex +20.3% real vs estimado cierre 2019,a,20.3,"CGPE p.86 (484.0 -> 574.5, pesos 2020)",+18.7% real,no,20.3 vs 18.7,Con deflactor 3.0 en vez de 3.6 sale ~19.4; tampoco 20.3.
V062,2 Ingresos energía,Cuadro 2.1 (p.13),CFE -3.5% real vs estimado 2019,a,-3.5,CGPE p.87 (organismos y empresas +0.3% vs cierre; CFE no desagregada),no desagregado en carpeta,no_verificable,,
V063,2 Ingresos energía,Cuadro 2.1 (p.13),FMP -17.7% real vs estimado 2019,a,-17.7,"CGPE p.86 (GF petroleros 461.1 -> 412.8, pesos 2020)",-10.5% real (vs estim); -23.4% (vs LIF 2019),no,-17.7 vs -10.5,
V064,2 Ingresos energía,Cuadro 2.1 (p.13),Ingresos petroleros +0.8% real vs estimado 2019,a,0.8,CGPE p.86,+4.5% real (vs estim); -8.8% (vs LIF),no,0.8 vs 4.5,
V065,2 Ingresos energía,Cuadro 2.1 (p.13),Sector energético -0.5% real vs estimado 2019,b,-0.5,CGPE p.86-87,no reproducible; depende de dos tasas discrepantes,no,,
V066,2 Ingresos energía,Cuadro 2.1 (p.13),% del PIB: 2.2/1.6/1.6/3.8/3.8/5.4; % de ILIF: 9.4/6.9/6.8/16.3/16.2/23.1,b,,"ILIF; 26,254.1 mmp (CGPE p.69)",2.19/1.59/1.57/3.78/3.76/5.35; 9.42/6.86/6.77/16.29/16.20/23.06,si,,
V067,2 Ingresos energía,2.1 (p.14),"Para que el FMP abone a la reserva harían falta 773,468.5 mdp adicionales; 1.9 veces la renta petrolera",b,"773,468.5; 1.9x","LFPRH (umbral 4.7% PIB, no en carpeta); 26,254.1 mmp (CGPE p.69)","4.7%*26,254,100-412,797.7=821,145 mdp; 773,468.5/412,797.7=1.87",no_verificable,,"Con umbral 4.7% da 821,145, no 773,468.5. El cociente 1.9x cierra con la cifra de CIEP."
V068,2 Ingresos energía,2.1 (p.14),Renta petrolera destina 95.6% al PEF,a,95.6,LFPRH Título V (no en carpeta),,no_verificable,,
V069,2 Ingresos energía,2.1 (p.15),MME 55 dpb cierre 2019; 49 dpb 2020,a,55; 49,CGPE p.69,55; 49,si,,
V070,2 Ingresos energía,2.1 (p.15),DUC = 80.1% de transferencias FMP en 2018; pasa de 66.25% a 58% (2020) y 54% (2021),a,,(Cuenta Pública 2018 y decreto DUC no en carpeta),,no_verificable,,
V071,2 Ingresos energía,2.2 (p.15),"Pérdidas por cierre de ductos 2,240.3 mdp",a,"2,240.3",(informes Pemex no en carpeta),,no_verificable,,
V072,2 Ingresos energía,2.2 (p.15-16),Pemex propios +20.3% real; de 8.4% (2019) a 9.4% de los ingresos presupuestarios,b,20.3; 8.4 -> 9.4,CGPE p.86; ILIF,+18.7%; 9.42% en 2020; LIF 2019 nominal no en carpeta,no,,9.4 verificado; 8.4 y 20.3 no.
V073,2 Ingresos energía,2.3 (p.16),CFE 90% ingresos de venta de electricidad; 66.9% del parque usa gas; Henry Hub 2.4 (2020) vs 2.3 (2019),a,2.4; 2.3,CGPE p.69 (gas natural 2.3 -> 2.4),2.3 -> 2.4,si,,90% y 66.9% son fuentes externas (SENER).
V074,3 Gasto,3.1 (p.19),Gasto PPEF 2020 = 6 billones 069 mil 335.8 pesos,a,"6,069,335.8",DEC art.2,"6,096,335.8",no,errata (069 vs 096),Correcto en p.VII.
V075,3 Gasto,3.1 (p.19),23.2% PIB; +0.8% real vs PEF 2019; +0.35% vs ejercido 2018,a,23.2; 0.8; 0.35,EM p.146-147; (Cuenta Pública 2018 no en carpeta),23.2; +0.8%; ejercido 2018 no verificable,aprox,,
V076,3 Gasto,3.2 (p.19),Máximo del gasto total en 2016: 26.7% PIB,a,26.7,CGPE p.177 (gasto neto pagado 2016),26.6,no,0.1 pp,Devengado 2016 sería 26.8 (26.6+0.2 diferimiento); no 26.7.
V077,3 Gasto,3.2.1 (p.19-20),No programable = 6.5% del gasto total; -0.3 vs PEF 2019,b,6.5% del gasto total,EM p.147; CGPE p.185,"1,701,144.4/6,096,335.8=27.9% del gasto; 6.5% es % del PIB (2019 aprob 6.8)",no,unidad,Error de unidad: 6.5 es % del PIB.
V078,3 Gasto,3.2.1 (p.20),90% del no programable es GF y 10% EPE,b,90/10,DEC Anexo 1; EM p.148,"EPE 145,694.5/1,701,144.4=8.6%; GF 91.4%",aprox,,
V079,3 Gasto,3.2.1 (p.20),"Programable 16.7% PIB: Desarrollo económico 4.9, social 10.3, gobierno 1.5",b,4.9; 10.3; 1.5,"EM p.189-190 (consolidado): DE 1,195.2 (4.6%); DS 2,797.3 (10.7%); Gobierno 251.4 (1.0%); autónomos+INEGI+TFJA 139.6 (0.5%). Analíticos brutos: Gobierno 396.3 (1.5%)","1.5 reproducible solo como bruto (394,865.4+1,446.2=396,311.6); DS 10.3 no reproducible (GF bruto 2,346.7=8.9%; +ISSSTE 2,695.7=10.3%); DE 4.9 = residuo 16.7-10.3-1.5",no,perímetros mezclados,La suma 16.7 es el programable consolidado neto; los sumandos son brutos y de perímetro no declarado.
V080,3 Gasto,3.2.2 (p.20),Todas las funciones principales (>1% PIB) se reducen como % PIB salvo Protección social y Combustibles y energía,b,,EM p.189-190 y CGPE p.69,Salud 634.4 mmp crece 2.6% real > PIB 2.0%: sube como % PIB; Educación +0.6%: baja; Vivienda baja,no,Salud,
V081,3 Gasto,3.2.2 (p.20-21),"Desarrollo económico +0.1% o 948.1 mdp; Combustibles y Energía +5.8% (66,837 mdp); Otras industrias +33.1% (3,224.7)",a,"948.1; 66,837; 3,224.7",EM p.190,"DE +3,288.2 (+0.3%); C&E +69,314.5 (+7.5%); Otras industrias +3,227.7",no,DE y C&E,Otras industrias coincide. CIEP usa 2019 propio y perímetro bruto.
V082,3 Gasto,3.2.2 (p.21),"Recortes en 7 funciones de DE sumaron 69,113.8 mdp; Transporte -28,483.4 (-35.7%)",b,"69,113.8; 28,483.4",EM p.190,"Suma de negativas: 18,246.3+15,744.7+1,078.2+1,584.8+90.5+28,472.3+4,037.2=69,254.0; Transporte -28,472.3 (-35.8%)",aprox,140 mdp,
V083,3 Gasto,3.2.2 (p.21),"Desarrollo social +73,661.9 mdp (+2.7%)",a,"73,661.9; 2.7",EM p.190,"+75,414.1 (+2.8%)",aprox,"1,752 mdp",Diferencia atribuible a la base 2019 de CIEP (~0.03%).
V084,3 Gasto,3.2.2 (p.21),"Protección social = 40% de DS, 19% del PPEF, 4.3% PIB",b,40; 19; 4.3,"EM p.190; 26,254.1 mmp (CGPE p.69)","1,141,458.7/2,797,318.6=40.8%; /6,096,335.8=18.7%; /26,254,100=4.35%",si,,
V085,3 Gasto,3.2.2 (p.21),"Protección ambiental -25% (-4,531.6); Vivienda -9,668.8 (-3.9%)",a,,EM p.190,"-25.5% (-4,531.7); -9,596.3 (-3.9%)",aprox,vivienda 72 mdp,
V086,3 Gasto,3.2.2 (p.22),"Gobierno 396,311.5 mdp; +40,665.5 (+11.4%); Justicia 118,145.3 (+7.5%); Seguridad Nacional 115,149.1 (+13.7%); Coordinación +17,250.1",b,,"analíticos brutos 2020: Gobierno 394,865.4 (GF)+1,446.2 (entidades)=396,311.6; Justicia 118,145.4; Seg. Nac. 115,149.2; Coordinación 26,045.3 (incluye INE 17,732.4 en SF6)",2020 reproducidos exactamente; variaciones no verificables,aprox,,"El +17,250.1 en Coordinación coincide con el INE (17,732.4) que en el cuadro 3.3 de CIEP tiene 2019 = '-': el incremento es artefacto de base 2019 incompleta."
V087,3 Gasto,3.2.3 (p.22),"Deuda pública (costo financiero) -41,695.2 mdp (-5.2%)",a,"41,695.2; -5.2",EM p.148,"-42,934.5 (-5.5%)",aprox,"1,239 mdp",
V088,3 Gasto,3.2.3 (p.22),"Inversión pública -5%: 383,861.8 -> 364,582.7",a/b,"364,582.7",analíticos cap.6000,"364,582.8 (2020); 2019 no en carpeta",aprox,,"p.VIII dice 383,882 y p.22 dice 383,861.8 para 2019: inconsistencia interna de 20 mdp."
V089,3 Gasto,3.2.3 (p.22),"Participaciones y aportaciones caen por primera vez desde 2013: -11,649.8 (-0.7%), 1,727,682.0 -> 1,716,032.2",b,"1,716,032.2",analítico GF cap.8000,"1,716,032.2 (2020) exacto; EM p.188: R28+R33 2019a 1,714,662.4 -> 2020 1,703,654.5 (-0.6%); serie 2013-2019 no en carpeta",aprox,,
V090,3 Gasto,3.2.3 (p.22),"Subsidios: mayor incremento real, +38,108.9 mdp",a,"+38,108.9","EM p.169 (subsidios corrientes -32,773.2, -5.9%; subsidios de inversión -2,081.1)",subsidios (clasificación económica) caen,no,signo,"CIEP usa capítulo 4000 (2,365,885.6 bruto en 2020) que incluye transferencias y pensiones; no es 'subsidios'."
V091,3 Gasto,3.2.3 (p.22),"Inversiones financieras +59.3% (+37,413.4)",a,"59.3; 37,413.4",EM p.170,"+119.5% (+56,837.4)",no,,"Perímetro cap. 7000 (100,502.7 bruto) vs inversión financiera EM (104,405.0)."
V092,3 Gasto,3.2.4 (p.23),16 de 27 ramos administrativos con recortes,b,16/27,EM p.160,16 negativos de 26 ramos listados (CIEP cuenta la PGR extinta como 27),si,,
V093,3 Gasto,3.2.4 (p.23),"Agricultura -31.8% (-21,537.3); STPS -35.8% (-16,070.3); SCT -21.1% (-14,576.2)",a,,EM p.160,"-31.8% (-21,517.1); -35.8% (-16,056.9); -21.1% (-14,555.6)",aprox,~20 mdp c/u,Diferencias de deflactor (~0.1%).
V094,3 Gasto,3.2.4 (p.23),"Gobernación -57,166.7; SSPC inicia con 59,150.6",a,,EM p.160; DEC Anexo 1,"Gobernación 2019a resectorizado 7,329.6 -> 5,804.5 (-1,525.1); SSPC 59,150.7",aprox,base,Ver fila SEGOB -90%.
V095,3 Gasto,3.2.4 (p.23),"PGR -100% (libera 15,903.7); FGR inicia con 18,202.1",a,,"EM p.155 (FGR 2019a 15,899.0 -> 18,202.2)","La EM ya reclasifica la PGR como FGR en 2019; FGR 2020 18,202.2",aprox,,
V096,3 Gasto,3.2.4 (p.24),INEE último presupuesto 722.4; Organismo para la Mejora Continua 664.1,a,722.4; 664.1,analítico R47 (programa Sistema Nacional de Mejora Continua 382.8),382.8 (programa); UR no aislada; 2019 no en carpeta,no_verificable,,EM p.125 confirma la extinción del INEE.
V097,3 Gasto,3.3 (p.24),De 18 programas prioritarios solo seis aumentan,b,6/18,CIEP cuadro 3.1; 2019 no en carpeta,,no_verificable,,
V098,3 Gasto,Cuadro 3.1 (p.25),"Montos 2020: Pensión Adultos Mayores 126,650; Sembrando Vida 25,131; Discapacidad 11,906; Madres Trabajadoras 2,192; JEF 7,776; Becas básica 30,475; Universidades 987; Desarrollo Cultural 7,978; JCF 25,614; Crédito Ganadero 1,000; Precios de Garantía 10,000; Fertilizantes 1,000; Producción Bienestar 11,000; Microcréditos 2,500; Atención y Medicamentos 6,634; Vivienda Social 1,483; Texcoco 587",a,,analítico ramo-programa 2020,"126,650.3; 25,130.9; 11,905.9; 2,192.4; 7,776.4; 30,475.1; 987.4; 3,547.8+4,430.6=7,978.4; 25,614.2; 1,000.0; 10,000.0; 1,000.0; 11,000.0; 2,500.0; 6,634.0; 1,483.0; 586.9",si,,17 de 18 montos 2020 verificados. EM p.63/p.215 da 126.7 y 11.6 (este último es la porción del anexo pobreza).
V099,3 Gasto,Cuadro 3.1 (p.25),"Beca Universal Media Superior 2020 = 30,475",a,"30,475",analítico R11 PP 084,"28,995.2",no,"1,480 mdp","Mismo valor que Becas básica (30,475): errata. p.50 y EM p.205 dan 28,995.2."
V100,3 Gasto,Cuadro 3.1 (p.25),"Columna PEF 2019 y variaciones (PAM 103,600 +22%; SV 15,540 +62%; becas básica 71,008 -57%; etc.)",a/b,,PEF 2019 no en carpeta; EM p.64: SV +10.1 mmp vs 2019 (nominal) -> 2019 = 15.0,no_verificable,,"SV: 15.0*1.036=15.5, cierra con 15,540.",
V101,3 Gasto,Cuadro 3.2 (p.26),"Anexos transversales 2020: prevención delito 190,946; jóvenes 418,261; indígenas 100,960; igualdad 100,695; transición 29,590; CTI 98,317; PEC 331,455; cambio climático 55,652; grupos vulnerables 187,055; NNA 763,750",a,,DEC Anexos 10-19 (p.65-88); EM p.195-214,"190,945.5; 418,261.0; 100,960.3; 100,694.7; 29,590.3; 98,316.7; 331,455.2; 55,652.3; 187,055.1; 763,750.0",si,,10 de 10.
V102,3 Gasto,Cuadro 3.2 (p.26),Programas para superar la pobreza: sin información en PPEF 2020; se asume que desapareció; total anexos -13.6%,a/b,* (sin dato); -13.6%,"EM p.215 (3.5.10): 470,626 mdp","470,626 mdp existe en la EM",no,omisión,"Con 470,626: total 2020 = 2,747,307 vs 2,635,679 (2019 CIEP) = +4.2%, no -13.6%. Invalida la lectura de 'cambio de estrategia' (p.25)."
V103,3 Gasto,Cuadro 3.3 (p.27),"Ramos autónomos 142,938; Poder Legislativo 13,540; Judicial 68,632; INE 17,732; TFJA 3,100; CNDH 1,911; FGR 18,202; INEGI 16,573; Cofece 589; IFT 1,730; INAI 927 (2020)",a,,DEC Anexo 1; EM p.155,"123,265.3+16,572.9+3,100.2=142,938.4; demás idénticos",si,,
V104,3 Gasto,Cuadro 3.3 (p.27),"Ramos generales 1,085,656; Aportaciones a Seguridad Social 137,614",b,"137,614","DEC Anexo 1 (863,611.8); EM p.152 (aportaciones estatutarias 457,518.8; subsidios y aportaciones 268,479.2)","863,611.8-457,518.8-268,479.2=137,613.8; ramos generales 137,613.8+131,300.5+57,357.5+759,383.9=1,085,655.7",si,,Rehecho: CIEP neta del Ramo 19 las transferencias a IMSS/ISSSTE. No lo declara.
V105,3 Gasto,Cuadro 3.3 (p.27),"ECD 1,174,505 (IMSS 825,063; ISSSTE 349,442); EPE 979,862.1 (Pemex 523,425.0; CFE 456,437.1)",a,,DEC Anexo 1,idénticos,si,,
V106,3 Gasto,Cuadro 3.3/3.4 (p.27-28),"Valores PEF 2019 en pesos de 2020 (programable 4,296,729.9; ramos administrativos 1,177,512; ECD 1,108,583; EPE 931,679.5; Gobernación 62,971; PGR 15,904)",a,,"EM p.147, p.160, p.166-167 (2019a en pesos 2020: 4,295,441.3; 1,161,981.9; 1,108,250.8; 931,400.1; 7,329.6; FGR 15,899.0)",difieren ~0.03% (deflactor) salvo Gobernación/PGR (resectorización),aprox,,CIEP parte del PEF 2019 original; la EM presenta 2019 con la estructura 2020.
V107,3 Gasto,Cuadro 3.4 (p.28),Ramos administrativos 2020 por ramo (27 líneas),a,,DEC Anexo 1; EM p.160,"idénticos (Bienestar 173,092; Energía 48,507; SEP 324,713; Salud 128,589; ...)",si,,
V108,3 Gasto,Cuadro 3.5 (p.28),"No programable 1,701,144: Deuda 543,349; Participaciones 944,271; Adefas 24,000; Ramo 34 43,830; Pemex 113,734; CFE 31,961",a,,DEC Anexo 1,idénticos,si,,
V109,3 Gasto,Cuadro 3.5 (p.28),"Gasto bruto 6,216,356; menos cuotas al ISSSTE 120,020; neto 6,096,336",b,"120,020","EM p.152 (aportaciones al ISSSTE 50,019.9; transferencias y apoyos fiscales EPE 70,000.0); DEC p.59 neteo total 846,017.9","50,019.9+70,000.0=120,019.9",si,,"Rehecho: 'cuotas al ISSSTE' de CIEP incluye 70,000 de apoyos a EPE; etiqueta incorrecta, cifra reproducible. El neteo oficial completo es 846,017.9."
V110,3 Gasto,3.3 (p.24),Menor no programable permitió mantener el programable,c,,,,,,Juicio (lectura causal).
V111,4 Salud,4.1-4.2 (p.30),"656,761 mdp; +2.1%; 10.8% del presupuesto; 2.5% PIB; brecha de al menos 3.5 pp del PIB (OMS 6%)",a/b,,"analíticos (ver Resumen); 26,254.1 mmp (CGPE p.69)","656,761.2; 10.77%; 2.50%; 6-2.5=3.5",si,,OMS 6% es referencia externa.
V112,4 Salud,4.2 (p.30-31),"IMSS e ISSSTE suman +13,265 mdp; población sin SS +1,042 mdp; una doceava parte",b,"13,265; 1,042",CIEP cuadro 4.1 (2019 no en carpeta),"11,164+2,101=13,265; -151+330+864=1,043; 13,265/1,043=12.7",no_verificable,,Aritmética interna cierra.
V113,4 Salud,4.2 (p.31),"Servicios médicos Pemex -15% (-2,249 mdp); 12,438.6 en 2020",a,"12,438.6",analítico Pemex PP 013,"12,438.6",si,,Variación no verificable.
V114,4 Salud,Cuadro 4.1 (p.31),"IMSS 319,345; SSA 128,589; FASSA 103,372; ISSSTE 63,187; R19 20,467.6; Pemex 12,438.6; Sedena 6,678.6; Semar 2,684.3; Total 656,761 (2020)",a,,analíticos función salud + Ramo 12 total,"319,344.8; 128,589.3; 103,371.5; 63,186.5; 20,467.6; 12,438.6; 6,678.6; 2,684.3; 656,761.2",si,,"SSA se toma por ramo completo (128,589.3) y no por función salud (124,138.4)."
V115,4 Salud,4.2 (p.31-32),IMSS e ISSSTE = 58% del sistema en 2020; +5 pp desde 2013; SSa 25% -> 20%,b,58; 20,analíticos,"(319,344.8+63,186.5)/656,761.2=58.2%; 128,589.3/656,761.2=19.6%",aprox,,2013 no en carpeta.
V116,4 Salud,Cuadro 4.2 (p.35),"2020: IMSS-Bienestar 13,186; Cañeros 280; FASSA 103,372; ISSSTE Atención 27,264; Suministro de claves 18,528; Proyectos infraestructura ISSSTE 1,816; IMSS Atención 237,562; Mantenimiento 917; Proyectos infraestructura IMSS 2,472; Pemex 12,439; Atención y Medicamentos 6,634; SSA Atención 23,245; Fortalecimiento 1,600; adicciones 1,387; VIH 416; enfermedades 534; sobrepeso 520; discapacidad 25; infraestructura salud 111; Rectoría 512; salud materna 2,328; Siglo XXI 1,984; Seguro Popular 72,538; asistencia social 1,013",a,,analíticos ramo-programa,"13,185.7; 280.0; 103,371.5; 27,263.7; 18,527.8; 1,815.7; 237,562.4; 917.2; 2,472.2; 12,438.6; 6,634.0; 23,244.8; 1,600.0; 1,387.0; 416.4; 534.0; 519.8; 25.0; 111.3; 512.3; 2,328.1; 1,984.4; 72,538.4; 1,013.1",si,,24 de 26 montos 2020 verificados.
V117,4 Salud,Cuadro 4.2 (p.35),"ISSSTE Gastos administrativos por operación de fondos 10,283; IMSS Actividades de apoyo administrativo 64,238 (2020)",a,"10,283; 64,238","analíticos (ISSSTE PP 002 14,616.1; IMSS PP 001 65,416.3)","14,616.1; 65,416.3",no,"4,333; 1,178",
V118,4 Salud,4.3 (p.33),"PROSPERA salud 2019 = 6,825 (pesos 2020); sustituido por Atención y Medicamentos 6,634",a,"6,825","(PEF 2019 no en carpeta); analítico 2020 6,634.0",2020 sí,no_verificable,,
V119,4 Salud,4.3 (p.34),Estancias infantiles sin presupuesto en Salud 2020 (-231 mdp),a,0,"analítico R12 (no aparece programa de estancias); R20 Madres Trabajadoras 2,192.4",consistente para Ramo 12,no_verificable,,2019 no en carpeta.
V120,4 Salud,4.4 (p.34-36),"25 de 64 UR de la SSa sin presupuesto; recortes 9,739; CNPSS -8,473; Sector central 17,007; neto -1,205",b,,analítico por UR 2020 disponible; 2019 no en carpeta,"9,739+8,473-17,007=1,205 (aritmética interna)",no_verificable,,
V121,4 Salud,4.5.1 / Cuadros 4.4-4.5 (p.37-38),"Costo de atención universal entre 0.65% y 3.63% PIB; primer escenario 162,063 mdp (0.65%); PPEF aporta 1,042 (0.004% PIB)",b,,modelo CIEP,"162,063/26,254,100=0.62% (CIEP dice 0.65); 1,042/26,254,100=0.0040%",no,0.62 vs 0.65,"Escenarios no reproducibles; el cociente 162,063/PIB da 0.62."
V122,4 Salud,4.5 (p.36),Reforma de financiamiento pendiente; sistema para población sin SS es la asignatura pendiente,c,,,,,,Juicio.
V123,5 Inversión,5.1 (p.40),"759,868; 12.4%; 2.9%; +2.5%; composición 38.3/0.5/61.2; inversión pública 364,582 = 48% del gasto de inversión",b,,EM p.169; analíticos cap.6000,"759,868.2; 364,582.8/759,868.2=48.0%; 465,280/759,868.2=61.2%; 290,882.7=38.3%; 3,705.4=0.5%",si,,
V124,5 Inversión,5.2 (p.40),"Gasto de inversión -43% de 2015 a 2020, de 5% a 2.9% PIB; capital diferente de obra pública -45% desde 2016",b,-43; 5 -> 2.9,"CGPE p.177 (gasto de capital 2015 5.1; 2016 5.9); EM p.131 (gasto de inversión 2015 1,119,985.9 -> 2020 759,868.2)",5.1 -> 2.9 = -43% en puntos; en pesos 2020: -32.2% real,aprox,,"'-43%' es caída de la proporción del PIB, no real; 2016 no verificable."
V125,5 Inversión,5.2 (p.41),"Obra pública máximo 2015: 686,083 mdp reales; -30% real 2016-2020; GF propone 465,280 (-8.1%)",a/b,,(Cuentas Públicas no en carpeta),,no_verificable,,
V126,5 Inversión,5.3 / Cuadro 5.1 (p.41-42),"Obra pública 465,280 = 7.6% del gasto y 1.8% PIB; 78% cap.6000; 18.8% participaciones y aportaciones; 2.1% inversiones financieras; cap.5000 43,860; cap.8000 inversión 196,742.2; cap.7000 100,479.0",b,,"analíticos por capítulo (GF+entidades); EM p.170 (aportaciones federales inversión física 196,742.2; inversión financiera 104,405.0)","7.63%; 1.77%; 364,582.8/465,280=78.4%; 87,251.2/465,280=18.8%; cap.5000 7,882.0+10,465.0+22,883.3+2,629.7=43,860.0; 196,742.2 exacto; cap.7000 59,246.1+41,256.6=100,502.7 (CIEP 100,479.0)",aprox,cap.7000 24 mdp,
V127,5 Inversión,5.4 (p.42),"Inversión pública: Pemex 79%, SCT 8.3%, CFE 7.2%",b,79; 8.3; 7.2,analíticos cap.6000,"288,027.5/364,582.8=79.0%; 30,202.6/=8.3%; 26,176.4/=7.2%",si,,
V128,5 Inversión,5.5 (p.43),"Aumento real se observa en inversiones financieras, no en infraestructura; concentración deja poco para salud y educación",c,,EM p.169-170 (inversión física -5.4%; financiera +119.5%),descriptivo verificado; la lectura es juicio,,,
V129,6 Educación,6.2 (p.45),"807,305 mdp; +0.5% real; primero desde 2015; 3.1% PIB; 11.6% del gasto total (11.8% en 2019)",b,"807,305; 3.1; 11.6","analítico función; 26,254.1 mmp (CGPE p.69)","807,304.8; 3.07%; 807,304.8/6,096,335.8=13.2%",no,11.6 vs 13.2,El 11.6% no se reproduce con ningún denominador oficial (programable: 18.4%).
V130,6 Educación,6.2.1 (p.45-46),98% corriente (+0.6%); capital diferente de obra 1.9% (-0.5%); obra pública 0.1% (-47.2%); gastos indirectos 0.02% (-19.8%),b,,analítico por capítulo 2020 disponible; 2019 no en carpeta,,no_verificable,,
V131,6 Educación,6.2.1 (p.46),Aportaciones federales 51.5% y SEP 40.2% del presupuesto educativo,b,51.5; 40.2,analítico función educación por ramo,"R33 415,869.1/807,304.8=51.5%; R11 (302,023.1+22,689.5)/807,304.8=40.2%",si,,
V132,6 Educación,6.2.2 (p.47),"Organismo para la Mejora Continua 664 mdp, -8.1% real vs INEE 2019",a,664; -8.1,analítico R47 PP 016 (382.8),382.8 a nivel programa; UR no aislable,no_verificable,,
V133,6 Educación,6.2.3 (p.47),"Básica 61.5%, superior 16.6%, media superior 14.1%, resto 7.9%",b,,analítico función educación por SF,"496,349.1/807,304.8=61.5%; 133,717.9/=16.6%; 113,956.8/=14.1%; resto 7.9%",si,,Reproducido exactamente.
V134,6 Educación,6.2.3 (p.47),Descensos en 7 de 12 subfunciones; Desarrollo tecnológico -55%; Función pública -15.2%; Cultura -10.8%,a,,2019 no en carpeta,,no_verificable,,
V135,6 Educación,6.3 (p.47-48),"68 programas; 5 eliminados; 8 nuevos; FONE Servicios Personales 357,963 = 44.3% del gasto educativo = 1.4% PIB (-0.4%)",b,"357,963; 44.3; 1.4",analítico R33 PP 013,"357,962.5; 44.3%; 1.36% PIB",si,,-0.4% no verificable.
V136,6 Educación,6.3 (p.48),37 de 68 programas con recortes (66.7% del presupuesto); 21 con incrementos (32.2%); 8 nuevos (0.2%),b,,2019 no en carpeta,,no_verificable,,
V137,6 Educación,6.3 (p.49),Escuelas de Tiempo Completo -51.7% y Becas básica -29.4%; ETC = 1% de básica; becas básica 6.1%,b,,"analíticos: ETC 5,100.0; becas básica 30,475.1; básica 496,349.1","5,100/496,349.1=1.03%; 30,475.1/496,349.1=6.1%",aprox,,Cuadro 3.1 da -57% para becas básica vs -29.4% aquí: inconsistencia interna.
V138,6 Educación,6.3 (p.49-50),"JEF 28,995 y Beca Universal MS 28,995; +62% y +73.8%; juntos 4.6% del gasto educativo",a/b,"28,995 / 28,995","analíticos: JEF 7,776.4; Beca Universal 28,995.2","JEF 7,776.4 (no 28,995); (7,776.4+28,995.2)/807,304.8=4.6%",no,JEF,"El 4.6% cierra con 7,776, lo que confirma la errata. Cuadro 3.1 da +74% y +70%: inconsistente con +62% y +73.8%."
V139,6 Educación,6.3 (p.50),Beca Universal = 25.4% de media superior,b,25.4,analíticos,"28,995.2/113,956.8=25.4%",si,,
V140,6 Educación,6.3.1 (p.50),"JCF 25,614 (-38.2%); STPS -35.8%; JCF = 89.1% de STPS; JCF+JEF 33,391 (-27.3%)",b,,analíticos; EM p.160,"25,614.2; STPS -35.8% (EM); 25,614.2/28,756.4=89.1%; 25,614.2+7,776.4=33,390.6",si,,Variaciones de programa no verificables.
V141,6 Educación,6.4 (p.51),Matrícula básica 11.5 millones (SEP); 8.6 millones de 0-3 años (CONAPO),a,,fuentes externas,,no_verificable,,
V142,7 Pensiones,7.1 (p.53),PEF 2019 aprobó pensiones contributivas y dos programas no contributivos,a,,EM p.63; CIEP cuadro 3.1,consistente,si,,
V143,7 Pensiones,7.1 (p.53),"965,202 contributivas; 138,556 no contributivas; total > billón por 103 mil; 4.2% PIB; IVA 3.8%",a/b,,"EM p.171; analítico R20; ILIF; 26,254.1 mmp (CGPE p.69)","965,202.8; 138,556.2; 1,103,759.0; 4.20%; 3.84%",si,,
V144,7 Pensiones,7.1 (p.53),Aumento total 8% real: 6.2% contributivas y 23% no contributivas,b,8; 6.2; 23,EM p.171 (6.2%); no contributivas 2019 no en carpeta,"6.2% sí; 23% = 138,556/(103,600+8,806)-1=23.3% (interno); 8% = 1,103,759/(908,780+112,406)-1=8.1% (interno)",aprox,,"Base 2019 de PAM (103,600) y Discapacidad (8,806) no verificable."
V145,7 Pensiones,7.2 (p.53),"Gasto en pensiones +35.5% real desde 2014, 5.2% anual promedio",b,35.5; 5.2,"EM p.131 (2015-2019 contributivo: 703,311.0 -> 908,780.2; +29.2%); 2020 965,202.8; 2014 no en carpeta",2015-2020 contributivo: +37.2% (6.5% anual); agregado con no contributivo no reconstruible,no_verificable,,
V146,7 Pensiones,7.2 (p.53),2014: 93.5% a instituciones de seguridad social; 2020: 87.5% contributivo / 12.5% no contributivo,b,93.5; 87.5/12.5,EM p.171; analítico R20,"965,202.8/1,103,759.0=87.4%; 12.6%",si,,2014 no verificable. Contradice el 'casi 97%' de p.III.
V147,7 Pensiones,7.2 (p.54),"Distribución 2020: IMSS 44%, ISSSTE 22%, Pemex y CFE 10%, LFC/ISSFAM y otras 11%, bienestar 13%",b,,EM p.171; analítico R20,"488,616.7/1,103,759=44.3%; 245,711.1/=22.3%; 107,621.9/=9.8%; GF 123,253.0/=11.2%; 138,556.2/=12.6%",si,,"La partida de 11% es 'Gobierno Federal' en la EM; el analítico R19 muestra LFC 22,130.5, Ferrocarriles 2,889.6, civiles/militares 27,244.3 y haberes 6,410.4 (58.7 mmp); el resto no está desglosado en carpeta."
V148,7 Pensiones,7.2 (p.54),"Solo en 2017 las pensiones bajan como % PIB, de 3.5 a 3.4; de 2018 a 2020 se recuperan hasta 4.2%",b,3.5 -> 3.4 (2017),CGPE p.177 (contributivo: 2016 3.2; 2017 3.2; 2018 3.4; 2019 3.5/3.6),serie oficial contributiva no muestra caída en 2017 (3.2 -> 3.2); el 4.2 incluye no contributivo,no,,La serie CIEP (con no contributivo y Cuenta Pública) no está en carpeta; la oficial no respalda la caída.
V149,7 Pensiones,7.2 (p.54),Perspectivas de crecimiento constante hasta 2025 (SHCP 2019),a,,"CGPE p.122, p.124; EM p.141",3.8 -> 4.5% PIB; 7% real anual,si,,
V150,7 Pensiones,7.2 (p.54),Desde 2017: pensiones para el bienestar +211%; aportaciones +30%; pensiones IMSS +17%,b,211; 30; 17,"EM p.128 (Ramo 19 2017 732,868.7 -> 2020 863,611.8 = +17.8%); IMSS pensiones 2017 y PAM 2017 no en carpeta",Ramo 19 bruto +17.8% (no 30); resto no verificable,no_verificable,,"Si 'aportaciones' es el Ramo 19 neteado de CIEP (137,614), no hay 2017 en carpeta."
V151,7 Pensiones,7.2 (p.54-55),Aumento en aportaciones por transición reparto -> cuentas individuales; aumento IMSS por generación de transición (Ley 1973) con pensiones más altas,a/c,,"DEC art.6 (344,161.7 mdp para pensiones en curso de pago, art. Duodécimo Transitorio LSS 1995); analítico IMSS PP 001 'Pensiones en curso de pago Ley 1973' 344,161.7",consistente,si,,La parte causal ('presionando finanzas') es juicio; la descripción coincide.
V152,7 Pensiones,7.3 (p.55),6.84 millones de adultos mayores y 163 mil con discapacidad,a,6.84 M; 163 mil,"EM p.210 (6,849,252; 163,273); p.215 (6.8 M)","6,849,252; 163,273",si,,
V153,7 Pensiones,7.3 (p.55),CONAPO: 7.1 millones de 68+ en 2020; 3.6% no recibirían la pensión,b,7.1 M; 3.6%,CONAPO (no en carpeta); EM p.211 solo da población total 127.2 M,(7.1-6.84)/7.1=3.7% (interno),no_verificable,,
V154,7 Pensiones,7.4 (p.56),Desde 2019 se gasta el equivalente al IVA en pensiones,b,,"CGPE p.87 (IVA LIF 2019 1,030.7 mmp 2020); EM p.171 (908,780.2); CIEP 2019 PAM+Discap 112,406","2019: 908,780.2+112,406=1,021,186 vs IVA 1,030,700 = 99.1%",aprox,,Base 2019 no contributiva es la de CIEP.
V155,7 Pensiones,7.4 (p.56),"IVA 2020 3.8% PIB, 0.4 pp menos que pensiones",b,3.8; 0.4,"ILIF; 26,254.1 mmp (CGPE p.69)",3.84; 4.20-3.84=0.36,si,,
V156,7 Pensiones,7.4 (p.56),"Sin reforma, el gasto seguirá creciendo por al menos una generación más",c,,,,,,Juicio; el CGPE p.129 afirma lo contrario para la 'próxima década' y el p.122 proyecta al alza hasta 2025.
V157,8 Energía,intro (p.58),Función C&E +5.8% real; Pemex concentra 52.3%; subfunción petróleo y gas 57.6%,b,5.8; 52.3; 57.6,"analíticos función C&E (GF 136,668.7; CFE 444,586.2; Pemex 636,364.8)","636,364.8/1,217,619.7=52.3%; SF2 (65,360.4+636,364.8)/1,217,619.7=57.6%",si,,+5.8% no verificable; EM consolidado +7.5%.
V158,8 Energía,intro (p.58),Capital diferente de obra pública +94.4%; 65.1% en inversiones financieras,b,,2019 no en carpeta,,no_verificable,,
V159,8 Energía,8.1 (p.58),"Pemex 636,364.8 mdp; +4.2% real; 51.1% en producción (+13.3%); logística +32.6%",a/b,"636,364.8; 51.1","analíticos Pemex (función C&E 636,364.8; AI 226 325,410.6)","636,364.8 exacto; 325,410.6/636,364.8=51.1%",si,,Variaciones no verificables.
V160,8 Energía,8.1 (p.59),Pemex pensiones -3.0% real; 26.7% más a pensiones que a explorar,b,-3.0; 26.7,"EM p.171 (Pemex -2.9%); analíticos (pensiones 63,895.0; AI 229 exploración 50,417.9)","-2.9%; 63,895.0/50,417.9=1.267",si,,
V161,8 Energía,8.1 (p.59),"Obra pública = 45.3% del gasto de Pemex; capital diferente de obra pública x29.5, en 'Compra de acciones' (inversión financiera)",b,45.3,"analíticos Pemex (cap.6000 288,027.5; PP 005 41,256.6)","288,027.5/636,364.8=45.3%",si,,x29.5 no verificable.
V162,8 Energía,8.2 (p.60),CFE -7.6% real; generación -16.1%; O&M centrales -13.7%; transmisión -9.3%; distribución +13.5%; comercialización +66.4%,a,,EM p.167 (CFE programable +1.4%); 2019 no en carpeta,programable +1.4% (EM); resto no verificable,no,-7.6 vs +1.4,"CIEP usa perímetro función C&E (444,586.2) y base 2019 propia."
V163,8 Energía,8.2 (p.61),"88.5% del gasto de CFE es corriente; obra pública -39.1%, de 8.9% a 5.9% del gasto",b,88.5; 5.9,"analíticos CFE (cap.1-4: 407,377.3; cap.6000 26,176.4; total función 444,586.2)","407,377.3/444,586.2=91.6% (o 83.4% sobre 488,398.1); 26,176.4/444,586.2=5.9%",aprox,corriente,5.9% coincide; 88.5% no se reproduce con ninguna base.
V164,8 Energía,8.3 (p.61),SENER +68.9%; 97.4% a hidrocarburos; Dos Bocas como inversión financiera; SENER ejerció 10.2% sobre lo aprobado a julio 2019,a/b,,"analíticos R18 (PP 003 46,411.8; cap.7000 46,256.0); EM p.163 (46,256 aportación patrimonial a Pemex)","46,411.8/47,637.0=97.4%",aprox,,"La EM llama a los 46,256 'aportación patrimonial a Pemex', no 'Dos Bocas' (CGPE p.90 menciona 41.3 mmp de inversión financiera para Dos Bocas). +68.9% y 10.2% no verificables."
V165,8 Energía,8.4 (p.61-62),"CRE -4.6%, CNH -4.5%; Regulación y permisos de electricidad -16.5%; hidrocarburos 51.3% de CRE; CNH 56.3% en promoción",a/b,,EM p.160 (CRE -1.7; CNH -1.3),,no,,Ver fila Resumen.
V166,8 Energía,8.5 (p.62),"Ramo 23 función C&E 88,573.7 (+19.8%); subsidio a tarifas +29.7% = 79.0%; FEIP y FEIEF -23.5%; fondo hidrocarburos +46.9%",a/b,,"analíticos R23 (88,573.7; tarifas 70,000.0; FEIP 9,081.5+FEIEF 2,641.9=11,723.4; hidrocarburos 6,850.3); EM p.190 fondos de estabilización -23.4%","88,573.7 exacto; 70,000/88,573.7=79.0%; -23.4%",si,,"+19.8, +29.7, +46.9 no verificables."
V167,9 Seguridad,9.1 (p.64),"Ley de la Guardia Nacional mayo 2019; SSPC 59,150; 0.9% del gasto; 0.2% PIB; SEGOB -90%",a,,DEC Anexo 1,"59,150.7; 0.97%; 0.23%",si,,SEGOB: ver Resumen.
V168,9 Seguridad,Cuadro 9.1 (p.65),"15 subfunciones: Otros 1,730.33; Policía 30,881.06; Protección civil 143.94; SNSP 11,149.71; Asuntos jurídicos 144.78; Función pública 4,415.25; Política interior 1,469.51; DDHH 3,683.94; Impartición 74,373.65; Procuración 19,254.82; Reclusión 20,832.97; Acceso info 907.75; Defensa 83,450.15; Inteligencia 2,692.95; Marina 29,006.10; total 284,136.91",a,,analítico función GF por SF,"1,730.3; 30,881.1; 143.9; 11,149.7; 144.8; (2,969.1+1,332.0+108.9=4,410.0); 1,469.5; 3,683.9; 74,373.7; 19,254.8; 20,833.0; 907.8; 83,450.1; 2,692.9; 29,006.1",si,Función pública 5.3,14 de 15 exactas.
V169,9 Seguridad,9.2 (p.65-67),+7.9% real; 1.02 -> 1.08% PIB (+6.1%); Asuntos de orden público -2.3%; Otros asuntos -46%; Protección civil -28%; Coordinación -5%; Asesoría jurídica +30%; Justicia +7.5%; Seguridad Nacional +14%; Defensa +20%,a,,EM p.189-190 (Seg. Nacional +13.8%; orden público -2.6%; coordinación -5.1%; justicia +12.8% consolidada),"284,136.9/26,254,100=1.08%; Seg. Nac. y coordinación coinciden; orden público -2.6 vs -2.3; resto no verificable",aprox,,
V170,9 Seguridad,9.2 (p.67),Dos programas nuevos en Defensa: Plan DN-III-E y cuerpos de seguridad de las Fuerzas Armadas,a,,"analíticos (Defensa PP 024 1.7; PP 026 21,922.2; Marina PP 026 5,151.7)",existen en 2020,si,,
V171,9 Seguridad,9.3 (p.67-69),SSPC: Guardia Nacional 6.5%; Policía Federal 43%; Readaptación 35.3% (78.2%); CENAPRED 0.1%; Antisecuestro 0.08%,b,,analítico R36 por UR,"3,842.2/59,150.7=6.5%; 25,443.9/=43.0%; 20,833.0/=35.2%; 68.2/=0.12%; 52.5/=0.09%",si,,
V172,9 Seguridad,9.4 (p.69),Recortes en protección civil; prevención de desastres y antisecuestro ~0.1%,a/c,,,,,,Descriptivo verificado arriba; valoración es juicio.
V173,10 Federalizado,10.1-10.2 (p.71),"1,972,054.5 mdp; 32.3%; -0.5%; 7.5% vs 7.7% PIB; 47.9% ramo 28; 38.5% ramo 33; 13.6% otros; salud 3.68%; R23 0.76%",b,,"EM p.188; 26,254.1 mmp (CGPE p.69)","1,972,054.5; 32.35%; -0.5%; 7.51/7.70; 944,270.6/1,972,054.5=47.9%; 759,383.9/=38.5%; 13.6%; 72,538.4/=3.68%; 15,010.9/=0.76%",si,,
V174,10 Federalizado,Cuadro 10.1 (p.71),"Ramo 28 -8,660 (-0.9%); Ramo 33 -2,862 (-0.3%); Otros 268,400 (+758, +0.28%); total -10,764",b,,"EM p.188 (2019a: 952,645.1; 762,017.3; 267,561.8; 1,982,224.2)","-8,374.5; -2,633.4; 268,400.0 (+838.2); -10,169.7",aprox,~300-600 mdp,Diferencias por base 2019 de CIEP (deflactor).
V175,10 Federalizado,10.2 (p.72),"Estados con más/menos gasto federalizado per cápita: CDMX, Campeche, BCS / Jalisco, Guanajuato, Edomex",b,,(analítico tiene columna EF; no procesado),,no_verificable,,Verificación posible en corrida 2021.
V176,10 Federalizado,10.2 (p.72-73),"Ramos 28 y 33 = 86.39% del federalizado; ramos 23 y 25 crecen 2.4% y 8.1%, son 3.7% del total",b,86.39; 2.4; 8.1; 3.7,EM p.188,"(944,270.6+759,383.9)/1,972,054.5=86.4%; R25 +2.4%; R23 +8.1% (orden invertido); (57,357.5+15,010.9)/=3.7%",aprox,orden 23/25,
V177,10 Federalizado,10.2.1 (p.73),"RFP 3,389,084.3 (+0.2% real); ramo 28 944,270.6 (-8,660.3; -0.9%); 3.7% -> 3.6% PIB; FCIAN +0.34%; FGP -1.09%; FFM -0.53%; otros -0.44%",a/b,,"ILIF art.1o. (3,389,084.3); EM p.188; analíticos R28 2020 (FGP 678,561.9; FFM 33,890.8; FCIAN 2,707.2; otros 229,110.7)","RFP exacto; -8,374.5 (EM); 3.7 -> 3.6; fondos 2020 disponibles, 2019 no",aprox,,
V178,10 Federalizado,10.2.2 (p.73),"Ramo 33 759,383.9 (-2,862; -0.38%); 2.89% PIB (2019: 2.96%); solo FAETA (+0.3%) y FASSA (+1.2%) aumentan; FASP -0.3%; resto -0.5%",a,,EM p.188,"759,383.9; -2,633.4 (-0.3%); 2.89%; 2.96%; FASSA +0.3% y FAETA +1.2% (CIEP los invierte); FASP -0.3%; resto -0.5%",aprox,FASSA/FAETA invertidos,
V179,10 Federalizado,10.3 (p.74),"Ramo 28 decreció por la desaparición del programa 'Aportaciones federales para Entidades Federativas y Municipios' de 789,826.7 mdp en 2019",a,"789,826.7",EM p.188 (Ramo 28 solo tiene participaciones),"no existe tal programa en Ramo 28 (analítico: FGP, FFM, FCIAN, otros); cifra no localizable",no,,Incompatible con la estructura del Ramo 28. Posible confusión con Ramo 33.
V180,11 Deuda,Cuadro 11.1 (p.77),Balance -2.0/-2.1; Pidiregas -0.1/-0.1; IPAB -0.1/-0.1; FONADIN 0.0/-0.1; deudores 0.0/0.0; banca de desarrollo 0.0/0.1; adecuaciones -0.3/-0.3; RFSP -2.5/-2.6,a,,CGPE p.120 (2019 aprobado): balance -2.0; Pidiregas -0.1; IPAB -0.1; FONADIN -0.1; deudores 0.0; banca 0.1; adecuaciones -0.3; RFSP -2.5,FONADIN 2019 aprob = -0.1 (CIEP 0.0); banca 2019 aprob = 0.1 (CIEP 0.0),no,dos filas,CIEP mezcla estimado 2019 (FONADIN 0.0) con aprobado en la misma columna.
V181,11 Deuda,11.1 (p.77),RFSP 2.6% (+0.1 vs aprobado 2019); único componente que cambia es FONADIN (+0.1),b,,"CGPE p.70 (RFSP 2.3 base + 0.3 por cláusula de excepción), p.120","RFSP +0.1 vs aprob; el CGPE explica el aumento por la cláusula de excepción (0.3 pp, menor precio del petróleo)",no,,Omite la explicación oficial.
V182,11 Deuda,Figura 11.1 (p.78),21% ingresos - 20.3% gasto sin costo de deuda = primario 0.7%,b,,CGPE p.185,21.0 - (23.1-2.8=20.3) = 0.7,si,,
V183,11 Deuda,11.2 (p.78),Balance primario 1% -> 0.7% por menores ingresos presupuestarios; costo de la deuda 2.9% -> balance 2.1%,a/b,2.9,CGPE p.185 (costo financiero 2.8; ingresos +0.4% real vs aprob; -0.3 pp PIB),balance -2.1 = 0.7-2.8; costo 2020 = 2.8,no,2.9 vs 2.8,Con 2.9 no cierra (0.7-2.9=-2.2). El CGPE atribuye el mayor déficit a la cláusula de excepción.
V184,11 Deuda,11.3 (p.78),Costo de la deuda pasa de 3.1% a 2.9% PIB,a,3.1 -> 2.9,CGPE p.100/185,3.0 (aprob 2019) / 2.9 (estim 2019) -> 2.8 (2020),no,,Ninguna combinación oficial da 3.1 -> 2.9.
V185,11 Deuda,11.4 (p.79),"SHRFSP 45.6% en 2020, tendencia al alza iniciada en 2019",a,45.6,CGPE p.100 (44.9; 45.3; 45.6),si,si,,
V186,11 Deuda,11.4 (p.79),"Deuda per cápita 2020 $94,198 (+3% vs 2018); +0.3% PIB = +$1,705 per cápita",b,"94,198; 1,705","CGPE p.100; 26,254.1 mmp (CGPE p.69); EM p.211 (CONAPO 127.2 M)","45.6%*26,254,100/127.2 M=94,119; 0.3%*26,254,100/127.2 M=619",no,"1,705 vs 619","94,198 cierra con población 127.09 M. Los $1,705 implican 216.9 mmp = 0.83% PIB. 2018 no verificable."
V187,11 Deuda,11.4 (p.79-80),Reestructuración transfiere deuda a generaciones futuras y no estabiliza el saldo,c,,,,,,Juicio.
